ILSVRC2012_val_00035202.JPEG,114
ILSVRC2012_val_00004691.JPEG,114
ILSVRC2012_val_00045313.JPEG,114
ILSVRC2012_val_00035086.JPEG,114
ILSVRC2012_val_00003601.JPEG,114
ILSVRC2012_val_00034809.JPEG,91
ILSVRC2012_val_00005067.JPEG,91
ILSVRC2012_val_00046710.JPEG,91
ILSVRC2012_val_00034510.JPEG,91
ILSVRC2012_val_00004340.JPEG,91
ILSVRC2012_val_00038123.JPEG,67
ILSVRC2012_val_00009692.JPEG,67
ILSVRC2012_val_00048750.JPEG,67
ILSVRC2012_val_00038068.JPEG,67
ILSVRC2012_val_00008775.JPEG,67
ILSVRC2012_val_00035909.JPEG,953
ILSVRC2012_val_00008567.JPEG,953
ILSVRC2012_val_00047038.JPEG,953
ILSVRC2012_val_00035283.JPEG,953
ILSVRC2012_val_00004322.JPEG,953
ILSVRC2012_val_00041515.JPEG,711
ILSVRC2012_val_00007814.JPEG,711
ILSVRC2012_val_00046577.JPEG,711
ILSVRC2012_val_00040879.JPEG,711
ILSVRC2012_val_00007074.JPEG,711
ILSVRC2012_val_00039438.JPEG,727
ILSVRC2012_val_00004337.JPEG,727
ILSVRC2012_val_00046163.JPEG,727
ILSVRC2012_val_00038501.JPEG,727
ILSVRC2012_val_00002620.JPEG,727
ILSVRC2012_val_00037386.JPEG,839
ILSVRC2012_val_00004644.JPEG,839
ILSVRC2012_val_00047604.JPEG,839
ILSVRC2012_val_00036570.JPEG,839
ILSVRC2012_val_00004429.JPEG,839
ILSVRC2012_val_00041890.JPEG,789
ILSVRC2012_val_00006913.JPEG,789
ILSVRC2012_val_00048019.JPEG,789
ILSVRC2012_val_00041367.JPEG,789
ILSVRC2012_val_00006752.JPEG,789
ILSVRC2012_val_00038689.JPEG,670
ILSVRC2012_val_00004789.JPEG,670
ILSVRC2012_val_00046394.JPEG,670
ILSVRC2012_val_00038473.JPEG,670
ILSVRC2012_val_00004619.JPEG,670
ILSVRC2012_val_00034666.JPEG,47
ILSVRC2012_val_00004555.JPEG,47
ILSVRC2012_val_00046882.JPEG,47
ILSVRC2012_val_00034600.JPEG,47
ILSVRC2012_val_00003560.JPEG,47
ILSVRC2012_val_00037097.JPEG,256
ILSVRC2012_val_00004435.JPEG,256
ILSVRC2012_val_00048512.JPEG,256
ILSVRC2012_val_00036716.JPEG,256
ILSVRC2012_val_00004134.JPEG,256
ILSVRC2012_val_00038140.JPEG,34
ILSVRC2012_val_00004221.JPEG,34
ILSVRC2012_val_00047746.JPEG,34
ILSVRC2012_val_00036195.JPEG,34
ILSVRC2012_val_00003287.JPEG,34
ILSVRC2012_val_00041789.JPEG,824
ILSVRC2012_val_00007162.JPEG,824
ILSVRC2012_val_00047513.JPEG,824
ILSVRC2012_val_00041039.JPEG,824
ILSVRC2012_val_00007117.JPEG,824
ILSVRC2012_val_00039812.JPEG,250
ILSVRC2012_val_00005064.JPEG,250
ILSVRC2012_val_00047342.JPEG,250
ILSVRC2012_val_00036248.JPEG,250
ILSVRC2012_val_00004967.JPEG,250
ILSVRC2012_val_00038107.JPEG,158
ILSVRC2012_val_00006544.JPEG,158
ILSVRC2012_val_00045939.JPEG,158
ILSVRC2012_val_00037669.JPEG,158
ILSVRC2012_val_00005639.JPEG,158
ILSVRC2012_val_00032470.JPEG,129
ILSVRC2012_val_00002953.JPEG,129
ILSVRC2012_val_00048553.JPEG,129
ILSVRC2012_val_00032335.JPEG,129
ILSVRC2012_val_00002192.JPEG,129
ILSVRC2012_val_00037774.JPEG,962
ILSVRC2012_val_00009382.JPEG,962
ILSVRC2012_val_00044312.JPEG,962
ILSVRC2012_val_00035848.JPEG,962
ILSVRC2012_val_00008075.JPEG,962
ILSVRC2012_val_00036121.JPEG,386
ILSVRC2012_val_00004013.JPEG,386
ILSVRC2012_val_00047540.JPEG,386
ILSVRC2012_val_00034562.JPEG,386
ILSVRC2012_val_00003747.JPEG,386
ILSVRC2012_val_00031456.JPEG,55
ILSVRC2012_val_00005357.JPEG,55
ILSVRC2012_val_00045349.JPEG,55
ILSVRC2012_val_00030719.JPEG,55
ILSVRC2012_val_00005050.JPEG,55
ILSVRC2012_val_00034677.JPEG,950
ILSVRC2012_val_00006302.JPEG,950
ILSVRC2012_val_00046347.JPEG,950
ILSVRC2012_val_00033807.JPEG,950
ILSVRC2012_val_00006199.JPEG,950
ILSVRC2012_val_00033322.JPEG,350
ILSVRC2012_val_00004814.JPEG,350
ILSVRC2012_val_00046345.JPEG,350
ILSVRC2012_val_00032672.JPEG,350
ILSVRC2012_val_00003685.JPEG,350
ILSVRC2012_val_00033250.JPEG,260
ILSVRC2012_val_00006537.JPEG,260
ILSVRC2012_val_00045687.JPEG,260
ILSVRC2012_val_00033027.JPEG,260
ILSVRC2012_val_00006416.JPEG,260
ILSVRC2012_val_00033583.JPEG,828
ILSVRC2012_val_00004551.JPEG,828
ILSVRC2012_val_00044443.JPEG,828
ILSVRC2012_val_00032341.JPEG,828
ILSVRC2012_val_00002981.JPEG,828
ILSVRC2012_val_00032484.JPEG,445
ILSVRC2012_val_00006332.JPEG,445
ILSVRC2012_val_00043179.JPEG,445
ILSVRC2012_val_00032052.JPEG,445
ILSVRC2012_val_00005483.JPEG,445
ILSVRC2012_val_00034195.JPEG,856
ILSVRC2012_val_00004155.JPEG,856
ILSVRC2012_val_00046448.JPEG,856
ILSVRC2012_val_00031546.JPEG,856
ILSVRC2012_val_00003800.JPEG,856
ILSVRC2012_val_00038169.JPEG,87
ILSVRC2012_val_00007591.JPEG,87
ILSVRC2012_val_00049265.JPEG,87
ILSVRC2012_val_00036337.JPEG,87
ILSVRC2012_val_00006449.JPEG,87
ILSVRC2012_val_00037645.JPEG,403
ILSVRC2012_val_00008912.JPEG,403
ILSVRC2012_val_00048573.JPEG,403
ILSVRC2012_val_00034404.JPEG,403
ILSVRC2012_val_00006677.JPEG,403
ILSVRC2012_val_00037781.JPEG,380
ILSVRC2012_val_00006931.JPEG,380
ILSVRC2012_val_00046527.JPEG,380
ILSVRC2012_val_00036953.JPEG,380
ILSVRC2012_val_00005119.JPEG,380
ILSVRC2012_val_00035169.JPEG,120
ILSVRC2012_val_00005836.JPEG,120
ILSVRC2012_val_00047891.JPEG,120
ILSVRC2012_val_00034670.JPEG,120
ILSVRC2012_val_00005122.JPEG,120
ILSVRC2012_val_00037294.JPEG,927
ILSVRC2012_val_00006755.JPEG,927
ILSVRC2012_val_00045426.JPEG,927
ILSVRC2012_val_00036446.JPEG,927
ILSVRC2012_val_00004874.JPEG,927
ILSVRC2012_val_00034669.JPEG,48
ILSVRC2012_val_00006301.JPEG,48
ILSVRC2012_val_00045815.JPEG,48
ILSVRC2012_val_00034346.JPEG,48
ILSVRC2012_val_00005574.JPEG,48
ILSVRC2012_val_00035760.JPEG,371
ILSVRC2012_val_00007845.JPEG,371
ILSVRC2012_val_00047795.JPEG,371
ILSVRC2012_val_00035653.JPEG,371
ILSVRC2012_val_00007174.JPEG,371
ILSVRC2012_val_00035697.JPEG,344
ILSVRC2012_val_00009136.JPEG,344
ILSVRC2012_val_00041835.JPEG,344
ILSVRC2012_val_00035386.JPEG,344
ILSVRC2012_val_00006991.JPEG,344
ILSVRC2012_val_00036445.JPEG,232
ILSVRC2012_val_00006338.JPEG,232
ILSVRC2012_val_00048578.JPEG,232
ILSVRC2012_val_00035632.JPEG,232
ILSVRC2012_val_00005395.JPEG,232
ILSVRC2012_val_00040728.JPEG,933
ILSVRC2012_val_00008216.JPEG,933
ILSVRC2012_val_00049095.JPEG,933
ILSVRC2012_val_00040256.JPEG,933
ILSVRC2012_val_00008200.JPEG,933
ILSVRC2012_val_00039149.JPEG,673
ILSVRC2012_val_00006070.JPEG,673
ILSVRC2012_val_00048402.JPEG,673
ILSVRC2012_val_00036387.JPEG,673
ILSVRC2012_val_00004642.JPEG,673
ILSVRC2012_val_00036700.JPEG,172
ILSVRC2012_val_00004823.JPEG,172
ILSVRC2012_val_00045708.JPEG,172
ILSVRC2012_val_00035997.JPEG,172
ILSVRC2012_val_00004407.JPEG,172
ILSVRC2012_val_00040447.JPEG,58
ILSVRC2012_val_00004182.JPEG,58
ILSVRC2012_val_00046709.JPEG,58
ILSVRC2012_val_00038270.JPEG,58
ILSVRC2012_val_00004143.JPEG,58
ILSVRC2012_val_00036524.JPEG,774
ILSVRC2012_val_00007160.JPEG,774
ILSVRC2012_val_00048970.JPEG,774
ILSVRC2012_val_00035755.JPEG,774
ILSVRC2012_val_00006316.JPEG,774
ILSVRC2012_val_00038858.JPEG,809
ILSVRC2012_val_00008511.JPEG,809
ILSVRC2012_val_00044731.JPEG,809
ILSVRC2012_val_00038264.JPEG,809
ILSVRC2012_val_00002540.JPEG,809
ILSVRC2012_val_00035137.JPEG,385
ILSVRC2012_val_00008093.JPEG,385
ILSVRC2012_val_00049268.JPEG,385
ILSVRC2012_val_00034981.JPEG,385
ILSVRC2012_val_00005704.JPEG,385
ILSVRC2012_val_00039011.JPEG,720
ILSVRC2012_val_00005967.JPEG,720
ILSVRC2012_val_00048656.JPEG,720
ILSVRC2012_val_00037866.JPEG,720
ILSVRC2012_val_00005519.JPEG,720
ILSVRC2012_val_00039384.JPEG,41
ILSVRC2012_val_00008807.JPEG,41
ILSVRC2012_val_00046367.JPEG,41
ILSVRC2012_val_00039049.JPEG,41
ILSVRC2012_val_00008407.JPEG,41
ILSVRC2012_val_00033508.JPEG,354
ILSVRC2012_val_00006577.JPEG,354
ILSVRC2012_val_00048618.JPEG,354
ILSVRC2012_val_00033344.JPEG,354
ILSVRC2012_val_00006245.JPEG,354
ILSVRC2012_val_00035518.JPEG,324
ILSVRC2012_val_00010025.JPEG,324
ILSVRC2012_val_00044952.JPEG,324
ILSVRC2012_val_00034706.JPEG,324
ILSVRC2012_val_00008545.JPEG,324
ILSVRC2012_val_00035276.JPEG,392
ILSVRC2012_val_00005062.JPEG,392
ILSVRC2012_val_00046491.JPEG,392
ILSVRC2012_val_00034051.JPEG,392
ILSVRC2012_val_00003598.JPEG,392
ILSVRC2012_val_00039377.JPEG,465
ILSVRC2012_val_00005512.JPEG,465
ILSVRC2012_val_00048062.JPEG,465
ILSVRC2012_val_00038590.JPEG,465
ILSVRC2012_val_00004825.JPEG,465
ILSVRC2012_val_00036819.JPEG,20
ILSVRC2012_val_00008816.JPEG,20
ILSVRC2012_val_00048552.JPEG,20
ILSVRC2012_val_00034929.JPEG,20
ILSVRC2012_val_00008510.JPEG,20
ILSVRC2012_val_00037178.JPEG,457
ILSVRC2012_val_00004839.JPEG,457
ILSVRC2012_val_00047120.JPEG,457
ILSVRC2012_val_00036791.JPEG,457
ILSVRC2012_val_00003934.JPEG,457
ILSVRC2012_val_00033647.JPEG,832
ILSVRC2012_val_00010542.JPEG,832
ILSVRC2012_val_00045613.JPEG,832
ILSVRC2012_val_00032842.JPEG,832
ILSVRC2012_val_00009876.JPEG,832
ILSVRC2012_val_00032058.JPEG,978
ILSVRC2012_val_00002544.JPEG,978
ILSVRC2012_val_00043977.JPEG,978
ILSVRC2012_val_00032032.JPEG,978
ILSVRC2012_val_00002495.JPEG,978
ILSVRC2012_val_00036821.JPEG,989
ILSVRC2012_val_00008895.JPEG,989
ILSVRC2012_val_00045089.JPEG,989
ILSVRC2012_val_00035279.JPEG,989
ILSVRC2012_val_00006863.JPEG,989
ILSVRC2012_val_00040381.JPEG,253
ILSVRC2012_val_00009468.JPEG,253
ILSVRC2012_val_00047411.JPEG,253
ILSVRC2012_val_00040187.JPEG,253
ILSVRC2012_val_00009224.JPEG,253
ILSVRC2012_val_00035293.JPEG,155
ILSVRC2012_val_00004049.JPEG,155
ILSVRC2012_val_00045970.JPEG,155
ILSVRC2012_val_00033199.JPEG,155
ILSVRC2012_val_00003841.JPEG,155
ILSVRC2012_val_00033948.JPEG,449
ILSVRC2012_val_00003322.JPEG,449
ILSVRC2012_val_00045203.JPEG,449
ILSVRC2012_val_00031457.JPEG,449
ILSVRC2012_val_00002227.JPEG,449
ILSVRC2012_val_00039957.JPEG,98
ILSVRC2012_val_00012488.JPEG,98
ILSVRC2012_val_00045281.JPEG,98
ILSVRC2012_val_00039907.JPEG,98
ILSVRC2012_val_00011874.JPEG,98
ILSVRC2012_val_00031384.JPEG,173
ILSVRC2012_val_00004434.JPEG,173
ILSVRC2012_val_00046329.JPEG,173
ILSVRC2012_val_00030539.JPEG,173
ILSVRC2012_val_00001548.JPEG,173
ILSVRC2012_val_00041748.JPEG,247
ILSVRC2012_val_00006849.JPEG,247
ILSVRC2012_val_00048842.JPEG,247
ILSVRC2012_val_00041049.JPEG,247
ILSVRC2012_val_00004366.JPEG,247
ILSVRC2012_val_00037731.JPEG,299
ILSVRC2012_val_00006356.JPEG,299
ILSVRC2012_val_00047118.JPEG,299
ILSVRC2012_val_00037627.JPEG,299
ILSVRC2012_val_00005695.JPEG,299
ILSVRC2012_val_00037387.JPEG,759
ILSVRC2012_val_00007364.JPEG,759
ILSVRC2012_val_00048202.JPEG,759
ILSVRC2012_val_00037186.JPEG,759
ILSVRC2012_val_00006160.JPEG,759
ILSVRC2012_val_00035842.JPEG,61
ILSVRC2012_val_00008688.JPEG,61
ILSVRC2012_val_00047227.JPEG,61
ILSVRC2012_val_00035425.JPEG,61
ILSVRC2012_val_00007488.JPEG,61
ILSVRC2012_val_00037414.JPEG,787
ILSVRC2012_val_00007248.JPEG,787
ILSVRC2012_val_00047613.JPEG,787
ILSVRC2012_val_00036493.JPEG,787
ILSVRC2012_val_00006435.JPEG,787
ILSVRC2012_val_00038205.JPEG,234
ILSVRC2012_val_00012856.JPEG,234
ILSVRC2012_val_00048922.JPEG,234
ILSVRC2012_val_00037152.JPEG,234
ILSVRC2012_val_00012085.JPEG,234
ILSVRC2012_val_00039844.JPEG,768
ILSVRC2012_val_00008802.JPEG,768
ILSVRC2012_val_00048504.JPEG,768
ILSVRC2012_val_00038323.JPEG,768
ILSVRC2012_val_00007612.JPEG,768
ILSVRC2012_val_00040019.JPEG,496
ILSVRC2012_val_00009400.JPEG,496
ILSVRC2012_val_00045301.JPEG,496
ILSVRC2012_val_00039849.JPEG,496
ILSVRC2012_val_00007431.JPEG,496
ILSVRC2012_val_00038619.JPEG,398
ILSVRC2012_val_00002651.JPEG,398
ILSVRC2012_val_00048775.JPEG,398
ILSVRC2012_val_00038165.JPEG,398
ILSVRC2012_val_00002148.JPEG,398
ILSVRC2012_val_00036255.JPEG,844
ILSVRC2012_val_00005605.JPEG,844
ILSVRC2012_val_00047334.JPEG,844
ILSVRC2012_val_00036222.JPEG,844
ILSVRC2012_val_00004380.JPEG,844
ILSVRC2012_val_00039883.JPEG,85
ILSVRC2012_val_00013229.JPEG,85
ILSVRC2012_val_00046089.JPEG,85
ILSVRC2012_val_00038736.JPEG,85
ILSVRC2012_val_00012223.JPEG,85
ILSVRC2012_val_00037480.JPEG,336
ILSVRC2012_val_00008770.JPEG,336
ILSVRC2012_val_00048088.JPEG,336
ILSVRC2012_val_00037289.JPEG,336
ILSVRC2012_val_00008030.JPEG,336
ILSVRC2012_val_00035340.JPEG,996
ILSVRC2012_val_00006421.JPEG,996
ILSVRC2012_val_00045973.JPEG,996
ILSVRC2012_val_00035159.JPEG,996
ILSVRC2012_val_00006335.JPEG,996
ILSVRC2012_val_00037199.JPEG,675
ILSVRC2012_val_00005707.JPEG,675
ILSVRC2012_val_00045876.JPEG,675
ILSVRC2012_val_00036699.JPEG,675
ILSVRC2012_val_00005422.JPEG,675
ILSVRC2012_val_00032975.JPEG,216
ILSVRC2012_val_00006063.JPEG,216
ILSVRC2012_val_00048396.JPEG,216
ILSVRC2012_val_00032124.JPEG,216
ILSVRC2012_val_00005994.JPEG,216
ILSVRC2012_val_00037277.JPEG,196
ILSVRC2012_val_00008658.JPEG,196
ILSVRC2012_val_00046995.JPEG,196
ILSVRC2012_val_00036019.JPEG,196
ILSVRC2012_val_00007072.JPEG,196
ILSVRC2012_val_00032287.JPEG,410
ILSVRC2012_val_00010569.JPEG,410
ILSVRC2012_val_00043414.JPEG,410
ILSVRC2012_val_00030978.JPEG,410
ILSVRC2012_val_00010223.JPEG,410
ILSVRC2012_val_00038748.JPEG,740
ILSVRC2012_val_00005380.JPEG,740
ILSVRC2012_val_00048056.JPEG,740
ILSVRC2012_val_00037971.JPEG,740
ILSVRC2012_val_00004543.JPEG,740
ILSVRC2012_val_00037823.JPEG,653
ILSVRC2012_val_00004043.JPEG,653
ILSVRC2012_val_00048918.JPEG,653
ILSVRC2012_val_00037732.JPEG,653
ILSVRC2012_val_00003141.JPEG,653
ILSVRC2012_val_00041630.JPEG,467
ILSVRC2012_val_00005461.JPEG,467
ILSVRC2012_val_00046828.JPEG,467
ILSVRC2012_val_00039437.JPEG,467
ILSVRC2012_val_00003463.JPEG,467
ILSVRC2012_val_00039934.JPEG,165
ILSVRC2012_val_00007462.JPEG,165
ILSVRC2012_val_00047543.JPEG,165
ILSVRC2012_val_00037609.JPEG,165
ILSVRC2012_val_00006415.JPEG,165
ILSVRC2012_val_00038995.JPEG,148
ILSVRC2012_val_00007184.JPEG,148
ILSVRC2012_val_00048794.JPEG,148
ILSVRC2012_val_00035828.JPEG,148
ILSVRC2012_val_00006253.JPEG,148
ILSVRC2012_val_00038260.JPEG,704
ILSVRC2012_val_00008804.JPEG,704
ILSVRC2012_val_00047319.JPEG,704
ILSVRC2012_val_00038139.JPEG,704
ILSVRC2012_val_00007481.JPEG,704
ILSVRC2012_val_00036651.JPEG,526
ILSVRC2012_val_00006665.JPEG,526
ILSVRC2012_val_00046652.JPEG,526
ILSVRC2012_val_00036160.JPEG,526
ILSVRC2012_val_00006423.JPEG,526
ILSVRC2012_val_00033866.JPEG,27
ILSVRC2012_val_00003214.JPEG,27
ILSVRC2012_val_00043111.JPEG,27
ILSVRC2012_val_00033492.JPEG,27
ILSVRC2012_val_00002746.JPEG,27
ILSVRC2012_val_00042826.JPEG,644
ILSVRC2012_val_00009630.JPEG,644
ILSVRC2012_val_00048847.JPEG,644
ILSVRC2012_val_00042470.JPEG,644
ILSVRC2012_val_00006139.JPEG,644
ILSVRC2012_val_00035165.JPEG,277
ILSVRC2012_val_00005979.JPEG,277
ILSVRC2012_val_00049298.JPEG,277
ILSVRC2012_val_00034084.JPEG,277
ILSVRC2012_val_00004643.JPEG,277
ILSVRC2012_val_00034139.JPEG,816
ILSVRC2012_val_00003535.JPEG,816
ILSVRC2012_val_00044800.JPEG,816
ILSVRC2012_val_00034106.JPEG,816
ILSVRC2012_val_00003126.JPEG,816
ILSVRC2012_val_00029959.JPEG,858
ILSVRC2012_val_00004696.JPEG,858
ILSVRC2012_val_00044409.JPEG,858
ILSVRC2012_val_00029530.JPEG,858
ILSVRC2012_val_00004121.JPEG,858
ILSVRC2012_val_00041720.JPEG,857
ILSVRC2012_val_00007693.JPEG,857
ILSVRC2012_val_00047410.JPEG,857
ILSVRC2012_val_00039872.JPEG,857
ILSVRC2012_val_00007046.JPEG,857
ILSVRC2012_val_00037114.JPEG,490
ILSVRC2012_val_00007799.JPEG,490
ILSVRC2012_val_00048514.JPEG,490
ILSVRC2012_val_00036665.JPEG,490
ILSVRC2012_val_00006879.JPEG,490
ILSVRC2012_val_00039802.JPEG,138
ILSVRC2012_val_00006613.JPEG,138
ILSVRC2012_val_00046505.JPEG,138
ILSVRC2012_val_00039630.JPEG,138
ILSVRC2012_val_00005419.JPEG,138
ILSVRC2012_val_00034815.JPEG,201
ILSVRC2012_val_00004744.JPEG,201
ILSVRC2012_val_00044453.JPEG,201
ILSVRC2012_val_00033775.JPEG,201
ILSVRC2012_val_00003869.JPEG,201
ILSVRC2012_val_00038648.JPEG,331
ILSVRC2012_val_00004064.JPEG,331
ILSVRC2012_val_00049280.JPEG,331
ILSVRC2012_val_00038132.JPEG,331
ILSVRC2012_val_00003697.JPEG,331
ILSVRC2012_val_00034052.JPEG,688
ILSVRC2012_val_00010345.JPEG,688
ILSVRC2012_val_00047380.JPEG,688
ILSVRC2012_val_00033905.JPEG,688
ILSVRC2012_val_00009423.JPEG,688
ILSVRC2012_val_00040707.JPEG,920
ILSVRC2012_val_00008101.JPEG,920
ILSVRC2012_val_00047748.JPEG,920
ILSVRC2012_val_00039337.JPEG,920
ILSVRC2012_val_00006593.JPEG,920
ILSVRC2012_val_00036295.JPEG,307
ILSVRC2012_val_00009282.JPEG,307
ILSVRC2012_val_00044760.JPEG,307
ILSVRC2012_val_00034203.JPEG,307
ILSVRC2012_val_00008931.JPEG,307
ILSVRC2012_val_00036011.JPEG,801
ILSVRC2012_val_00005522.JPEG,801
ILSVRC2012_val_00045219.JPEG,801
ILSVRC2012_val_00035850.JPEG,801
ILSVRC2012_val_00005230.JPEG,801
ILSVRC2012_val_00040024.JPEG,883
ILSVRC2012_val_00006280.JPEG,883
ILSVRC2012_val_00048073.JPEG,883
ILSVRC2012_val_00039729.JPEG,883
ILSVRC2012_val_00005485.JPEG,883
ILSVRC2012_val_00037946.JPEG,346
ILSVRC2012_val_00002726.JPEG,346
ILSVRC2012_val_00048372.JPEG,346
ILSVRC2012_val_00037214.JPEG,346
ILSVRC2012_val_00002692.JPEG,346
ILSVRC2012_val_00040398.JPEG,758
ILSVRC2012_val_00007618.JPEG,758
ILSVRC2012_val_00047181.JPEG,758
ILSVRC2012_val_00040260.JPEG,758
ILSVRC2012_val_00004853.JPEG,758
ILSVRC2012_val_00038900.JPEG,631
ILSVRC2012_val_00004618.JPEG,631
ILSVRC2012_val_00048638.JPEG,631
ILSVRC2012_val_00038363.JPEG,631
ILSVRC2012_val_00004561.JPEG,631
ILSVRC2012_val_00033605.JPEG,598
ILSVRC2012_val_00005304.JPEG,598
ILSVRC2012_val_00047579.JPEG,598
ILSVRC2012_val_00033289.JPEG,598
ILSVRC2012_val_00004900.JPEG,598
ILSVRC2012_val_00039380.JPEG,628
ILSVRC2012_val_00002977.JPEG,628
ILSVRC2012_val_00048362.JPEG,628
ILSVRC2012_val_00038595.JPEG,628
ILSVRC2012_val_00002661.JPEG,628
ILSVRC2012_val_00036501.JPEG,889
ILSVRC2012_val_00005487.JPEG,889
ILSVRC2012_val_00047659.JPEG,889
ILSVRC2012_val_00034280.JPEG,889
ILSVRC2012_val_00004695.JPEG,889
ILSVRC2012_val_00033777.JPEG,795
ILSVRC2012_val_00006208.JPEG,795
ILSVRC2012_val_00046368.JPEG,795
ILSVRC2012_val_00031034.JPEG,795
ILSVRC2012_val_00005392.JPEG,795
ILSVRC2012_val_00041050.JPEG,343
ILSVRC2012_val_00006975.JPEG,343
ILSVRC2012_val_00047171.JPEG,343
ILSVRC2012_val_00040609.JPEG,343
ILSVRC2012_val_00006343.JPEG,343
ILSVRC2012_val_00037175.JPEG,60
ILSVRC2012_val_00004652.JPEG,60
ILSVRC2012_val_00045858.JPEG,60
ILSVRC2012_val_00036561.JPEG,60
ILSVRC2012_val_00004587.JPEG,60
ILSVRC2012_val_00035792.JPEG,577
ILSVRC2012_val_00004592.JPEG,577
ILSVRC2012_val_00047055.JPEG,577
ILSVRC2012_val_00035044.JPEG,577
ILSVRC2012_val_00002952.JPEG,577
ILSVRC2012_val_00031948.JPEG,865
ILSVRC2012_val_00006027.JPEG,865
ILSVRC2012_val_00045868.JPEG,865
ILSVRC2012_val_00031580.JPEG,865
ILSVRC2012_val_00005472.JPEG,865
ILSVRC2012_val_00039754.JPEG,992
ILSVRC2012_val_00007905.JPEG,992
ILSVRC2012_val_00047343.JPEG,992
ILSVRC2012_val_00039415.JPEG,992
ILSVRC2012_val_00007684.JPEG,992
ILSVRC2012_val_00037360.JPEG,697
ILSVRC2012_val_00005197.JPEG,697
ILSVRC2012_val_00046238.JPEG,697
ILSVRC2012_val_00037163.JPEG,697
ILSVRC2012_val_00003988.JPEG,697
ILSVRC2012_val_00042225.JPEG,68
ILSVRC2012_val_00010723.JPEG,68
ILSVRC2012_val_00048112.JPEG,68
ILSVRC2012_val_00041994.JPEG,68
ILSVRC2012_val_00010465.JPEG,68
ILSVRC2012_val_00030504.JPEG,121
ILSVRC2012_val_00003378.JPEG,121
ILSVRC2012_val_00046611.JPEG,121
ILSVRC2012_val_00029605.JPEG,121
ILSVRC2012_val_00002496.JPEG,121
ILSVRC2012_val_00037706.JPEG,630
ILSVRC2012_val_00006938.JPEG,630
ILSVRC2012_val_00047454.JPEG,630
ILSVRC2012_val_00036064.JPEG,630
ILSVRC2012_val_00006519.JPEG,630
ILSVRC2012_val_00038523.JPEG,945
ILSVRC2012_val_00004285.JPEG,945
ILSVRC2012_val_00048000.JPEG,945
ILSVRC2012_val_00037424.JPEG,945
ILSVRC2012_val_00003536.JPEG,945
ILSVRC2012_val_00031364.JPEG,177
ILSVRC2012_val_00010006.JPEG,177
ILSVRC2012_val_00044345.JPEG,177
ILSVRC2012_val_00029876.JPEG,177
ILSVRC2012_val_00008297.JPEG,177
ILSVRC2012_val_00028839.JPEG,337
ILSVRC2012_val_00007796.JPEG,337
ILSVRC2012_val_00038631.JPEG,337
ILSVRC2012_val_00028493.JPEG,337
ILSVRC2012_val_00005020.JPEG,337
ILSVRC2012_val_00035776.JPEG,639
ILSVRC2012_val_00009951.JPEG,639
ILSVRC2012_val_00044626.JPEG,639
ILSVRC2012_val_00035009.JPEG,639
ILSVRC2012_val_00007096.JPEG,639
ILSVRC2012_val_00042763.JPEG,811
ILSVRC2012_val_00009962.JPEG,811
ILSVRC2012_val_00048836.JPEG,811
ILSVRC2012_val_00042607.JPEG,811
ILSVRC2012_val_00009031.JPEG,811
ILSVRC2012_val_00041428.JPEG,652
ILSVRC2012_val_00009230.JPEG,652
ILSVRC2012_val_00048381.JPEG,652
ILSVRC2012_val_00040966.JPEG,652
ILSVRC2012_val_00008107.JPEG,652
ILSVRC2012_val_00038071.JPEG,985
ILSVRC2012_val_00009188.JPEG,985
ILSVRC2012_val_00048959.JPEG,985
ILSVRC2012_val_00037872.JPEG,985
ILSVRC2012_val_00008962.JPEG,985
ILSVRC2012_val_00035515.JPEG,732
ILSVRC2012_val_00006506.JPEG,732
ILSVRC2012_val_00046033.JPEG,732
ILSVRC2012_val_00033699.JPEG,732
ILSVRC2012_val_00006478.JPEG,732
ILSVRC2012_val_00039662.JPEG,259
ILSVRC2012_val_00005481.JPEG,259
ILSVRC2012_val_00045946.JPEG,259
ILSVRC2012_val_00039585.JPEG,259
ILSVRC2012_val_00005073.JPEG,259
ILSVRC2012_val_00037721.JPEG,651
ILSVRC2012_val_00008253.JPEG,651
ILSVRC2012_val_00046890.JPEG,651
ILSVRC2012_val_00036638.JPEG,651
ILSVRC2012_val_00007943.JPEG,651
ILSVRC2012_val_00034974.JPEG,614
ILSVRC2012_val_00004014.JPEG,614
ILSVRC2012_val_00049234.JPEG,614
ILSVRC2012_val_00034863.JPEG,614
ILSVRC2012_val_00003923.JPEG,614
ILSVRC2012_val_00039781.JPEG,648
ILSVRC2012_val_00006201.JPEG,648
ILSVRC2012_val_00046240.JPEG,648
ILSVRC2012_val_00038646.JPEG,648
ILSVRC2012_val_00005542.JPEG,648
ILSVRC2012_val_00036293.JPEG,31
ILSVRC2012_val_00007398.JPEG,31
ILSVRC2012_val_00044855.JPEG,31
ILSVRC2012_val_00036066.JPEG,31
ILSVRC2012_val_00006987.JPEG,31
ILSVRC2012_val_00035435.JPEG,885
ILSVRC2012_val_00004131.JPEG,885
ILSVRC2012_val_00046504.JPEG,885
ILSVRC2012_val_00034058.JPEG,885
ILSVRC2012_val_00003663.JPEG,885
ILSVRC2012_val_00033902.JPEG,408
ILSVRC2012_val_00006872.JPEG,408
ILSVRC2012_val_00049430.JPEG,408
ILSVRC2012_val_00033286.JPEG,408
ILSVRC2012_val_00005964.JPEG,408
ILSVRC2012_val_00033876.JPEG,125
ILSVRC2012_val_00004444.JPEG,125
ILSVRC2012_val_00046344.JPEG,125
ILSVRC2012_val_00033379.JPEG,125
ILSVRC2012_val_00003859.JPEG,125
ILSVRC2012_val_00041361.JPEG,86
ILSVRC2012_val_00009226.JPEG,86
ILSVRC2012_val_00048722.JPEG,86
ILSVRC2012_val_00040859.JPEG,86
ILSVRC2012_val_00006075.JPEG,86
ILSVRC2012_val_00036510.JPEG,414
ILSVRC2012_val_00006176.JPEG,414
ILSVRC2012_val_00047517.JPEG,414
ILSVRC2012_val_00036149.JPEG,414
ILSVRC2012_val_00005892.JPEG,414
ILSVRC2012_val_00039215.JPEG,326
ILSVRC2012_val_00013187.JPEG,326
ILSVRC2012_val_00048827.JPEG,326
ILSVRC2012_val_00039181.JPEG,326
ILSVRC2012_val_00011979.JPEG,326
ILSVRC2012_val_00032366.JPEG,970
ILSVRC2012_val_00003084.JPEG,970
ILSVRC2012_val_00044889.JPEG,970
ILSVRC2012_val_00031990.JPEG,970
ILSVRC2012_val_00002795.JPEG,970
ILSVRC2012_val_00038155.JPEG,153
ILSVRC2012_val_00007652.JPEG,153
ILSVRC2012_val_00047729.JPEG,153
ILSVRC2012_val_00036350.JPEG,153
ILSVRC2012_val_00005738.JPEG,153
ILSVRC2012_val_00037618.JPEG,552
ILSVRC2012_val_00007722.JPEG,552
ILSVRC2012_val_00046949.JPEG,552
ILSVRC2012_val_00036306.JPEG,552
ILSVRC2012_val_00007663.JPEG,552
ILSVRC2012_val_00039308.JPEG,6
ILSVRC2012_val_00006402.JPEG,6
ILSVRC2012_val_00043702.JPEG,6
ILSVRC2012_val_00038935.JPEG,6
ILSVRC2012_val_00005642.JPEG,6
ILSVRC2012_val_00036880.JPEG,314
ILSVRC2012_val_00007891.JPEG,314
ILSVRC2012_val_00044491.JPEG,314
ILSVRC2012_val_00036832.JPEG,314
ILSVRC2012_val_00007863.JPEG,314
ILSVRC2012_val_00034837.JPEG,5
ILSVRC2012_val_00006554.JPEG,5
ILSVRC2012_val_00047080.JPEG,5
ILSVRC2012_val_00033318.JPEG,5
ILSVRC2012_val_00006251.JPEG,5
ILSVRC2012_val_00035388.JPEG,293
ILSVRC2012_val_00006341.JPEG,293
ILSVRC2012_val_00041740.JPEG,293
ILSVRC2012_val_00033988.JPEG,293
ILSVRC2012_val_00006239.JPEG,293
ILSVRC2012_val_00038944.JPEG,167
ILSVRC2012_val_00002246.JPEG,167
ILSVRC2012_val_00048007.JPEG,167
ILSVRC2012_val_00038676.JPEG,167
ILSVRC2012_val_00001777.JPEG,167
ILSVRC2012_val_00037850.JPEG,288
ILSVRC2012_val_00008295.JPEG,288
ILSVRC2012_val_00046032.JPEG,288
ILSVRC2012_val_00037779.JPEG,288
ILSVRC2012_val_00006619.JPEG,288
ILSVRC2012_val_00038011.JPEG,766
ILSVRC2012_val_00005817.JPEG,766
ILSVRC2012_val_00048271.JPEG,766
ILSVRC2012_val_00037357.JPEG,766
ILSVRC2012_val_00004891.JPEG,766
ILSVRC2012_val_00033691.JPEG,16
ILSVRC2012_val_00001751.JPEG,16
ILSVRC2012_val_00047474.JPEG,16
ILSVRC2012_val_00031772.JPEG,16
ILSVRC2012_val_00001720.JPEG,16
ILSVRC2012_val_00039342.JPEG,417
ILSVRC2012_val_00005352.JPEG,417
ILSVRC2012_val_00047373.JPEG,417
ILSVRC2012_val_00038687.JPEG,417
ILSVRC2012_val_00004812.JPEG,417
ILSVRC2012_val_00037652.JPEG,468
ILSVRC2012_val_00003886.JPEG,468
ILSVRC2012_val_00044318.JPEG,468
ILSVRC2012_val_00036204.JPEG,468
ILSVRC2012_val_00003112.JPEG,468
ILSVRC2012_val_00030881.JPEG,332
ILSVRC2012_val_00007037.JPEG,332
ILSVRC2012_val_00046186.JPEG,332
ILSVRC2012_val_00029874.JPEG,332
ILSVRC2012_val_00005845.JPEG,332
ILSVRC2012_val_00031361.JPEG,282
ILSVRC2012_val_00009125.JPEG,282
ILSVRC2012_val_00046457.JPEG,282
ILSVRC2012_val_00029397.JPEG,282
ILSVRC2012_val_00007676.JPEG,282
ILSVRC2012_val_00035108.JPEG,170
ILSVRC2012_val_00008739.JPEG,170
ILSVRC2012_val_00047950.JPEG,170
ILSVRC2012_val_00032464.JPEG,170
ILSVRC2012_val_00006627.JPEG,170
ILSVRC2012_val_00039875.JPEG,743
ILSVRC2012_val_00006546.JPEG,743
ILSVRC2012_val_00045947.JPEG,743
ILSVRC2012_val_00039632.JPEG,743
ILSVRC2012_val_00005488.JPEG,743
ILSVRC2012_val_00035799.JPEG,368
ILSVRC2012_val_00006451.JPEG,368
ILSVRC2012_val_00046783.JPEG,368
ILSVRC2012_val_00035668.JPEG,368
ILSVRC2012_val_00006447.JPEG,368
ILSVRC2012_val_00040562.JPEG,716
ILSVRC2012_val_00004063.JPEG,716
ILSVRC2012_val_00046441.JPEG,716
ILSVRC2012_val_00040384.JPEG,716
ILSVRC2012_val_00004002.JPEG,716
ILSVRC2012_val_00039373.JPEG,998
ILSVRC2012_val_00008281.JPEG,998
ILSVRC2012_val_00047190.JPEG,998
ILSVRC2012_val_00039251.JPEG,998
ILSVRC2012_val_00003423.JPEG,998
ILSVRC2012_val_00043324.JPEG,641
ILSVRC2012_val_00009690.JPEG,641
ILSVRC2012_val_00049339.JPEG,641
ILSVRC2012_val_00040634.JPEG,641
ILSVRC2012_val_00009143.JPEG,641
ILSVRC2012_val_00039919.JPEG,412
ILSVRC2012_val_00007233.JPEG,412
ILSVRC2012_val_00048730.JPEG,412
ILSVRC2012_val_00039133.JPEG,412
ILSVRC2012_val_00006617.JPEG,412
ILSVRC2012_val_00039121.JPEG,377
ILSVRC2012_val_00004564.JPEG,377
ILSVRC2012_val_00046674.JPEG,377
ILSVRC2012_val_00034295.JPEG,377
ILSVRC2012_val_00003541.JPEG,377
ILSVRC2012_val_00038843.JPEG,961
ILSVRC2012_val_00004152.JPEG,961
ILSVRC2012_val_00045780.JPEG,961
ILSVRC2012_val_00037332.JPEG,961
ILSVRC2012_val_00003018.JPEG,961
ILSVRC2012_val_00036644.JPEG,988
ILSVRC2012_val_00007085.JPEG,988
ILSVRC2012_val_00047247.JPEG,988
ILSVRC2012_val_00036210.JPEG,988
ILSVRC2012_val_00005780.JPEG,988
ILSVRC2012_val_00037489.JPEG,370
ILSVRC2012_val_00002543.JPEG,370
ILSVRC2012_val_00045921.JPEG,370
ILSVRC2012_val_00037276.JPEG,370
ILSVRC2012_val_00002334.JPEG,370
ILSVRC2012_val_00036962.JPEG,418
ILSVRC2012_val_00007888.JPEG,418
ILSVRC2012_val_00045467.JPEG,418
ILSVRC2012_val_00036777.JPEG,418
ILSVRC2012_val_00006972.JPEG,418
ILSVRC2012_val_00037855.JPEG,168
ILSVRC2012_val_00006396.JPEG,168
ILSVRC2012_val_00046432.JPEG,168
ILSVRC2012_val_00035912.JPEG,168
ILSVRC2012_val_00005808.JPEG,168
ILSVRC2012_val_00041114.JPEG,9
ILSVRC2012_val_00008176.JPEG,9
ILSVRC2012_val_00047400.JPEG,9
ILSVRC2012_val_00039355.JPEG,9
ILSVRC2012_val_00005427.JPEG,9
ILSVRC2012_val_00037564.JPEG,376
ILSVRC2012_val_00009012.JPEG,376
ILSVRC2012_val_00047126.JPEG,376
ILSVRC2012_val_00036720.JPEG,376
ILSVRC2012_val_00008428.JPEG,376
ILSVRC2012_val_00036756.JPEG,274
ILSVRC2012_val_00007526.JPEG,274
ILSVRC2012_val_00044553.JPEG,274
ILSVRC2012_val_00036691.JPEG,274
ILSVRC2012_val_00006757.JPEG,274
ILSVRC2012_val_00033410.JPEG,705
ILSVRC2012_val_00004809.JPEG,705
ILSVRC2012_val_00044547.JPEG,705
ILSVRC2012_val_00032803.JPEG,705
ILSVRC2012_val_00003946.JPEG,705
ILSVRC2012_val_00035893.JPEG,159
ILSVRC2012_val_00003615.JPEG,159
ILSVRC2012_val_00044227.JPEG,159
ILSVRC2012_val_00035341.JPEG,159
ILSVRC2012_val_00003154.JPEG,159
ILSVRC2012_val_00034420.JPEG,245
ILSVRC2012_val_00005677.JPEG,245
ILSVRC2012_val_00048120.JPEG,245
ILSVRC2012_val_00032658.JPEG,245
ILSVRC2012_val_00005327.JPEG,245
ILSVRC2012_val_00037310.JPEG,46
ILSVRC2012_val_00005332.JPEG,46
ILSVRC2012_val_00047010.JPEG,46
ILSVRC2012_val_00035818.JPEG,46
ILSVRC2012_val_00004102.JPEG,46
ILSVRC2012_val_00038823.JPEG,54
ILSVRC2012_val_00006440.JPEG,54
ILSVRC2012_val_00045188.JPEG,54
ILSVRC2012_val_00038365.JPEG,54
ILSVRC2012_val_00005965.JPEG,54
ILSVRC2012_val_00038897.JPEG,512
ILSVRC2012_val_00006896.JPEG,512
ILSVRC2012_val_00049188.JPEG,512
ILSVRC2012_val_00038771.JPEG,512
ILSVRC2012_val_00005727.JPEG,512
ILSVRC2012_val_00037415.JPEG,830
ILSVRC2012_val_00003510.JPEG,830
ILSVRC2012_val_00047188.JPEG,830
ILSVRC2012_val_00037267.JPEG,830
ILSVRC2012_val_00002814.JPEG,830
ILSVRC2012_val_00036670.JPEG,565
ILSVRC2012_val_00004018.JPEG,565
ILSVRC2012_val_00046281.JPEG,565
ILSVRC2012_val_00036338.JPEG,565
ILSVRC2012_val_00003909.JPEG,565
ILSVRC2012_val_00037369.JPEG,574
ILSVRC2012_val_00008599.JPEG,574
ILSVRC2012_val_00044936.JPEG,574
ILSVRC2012_val_00036755.JPEG,574
ILSVRC2012_val_00008161.JPEG,574
ILSVRC2012_val_00040693.JPEG,462
ILSVRC2012_val_00008097.JPEG,462
ILSVRC2012_val_00047857.JPEG,462
ILSVRC2012_val_00040599.JPEG,462
ILSVRC2012_val_00007167.JPEG,462
ILSVRC2012_val_00038816.JPEG,367
ILSVRC2012_val_00007619.JPEG,367
ILSVRC2012_val_00048741.JPEG,367
ILSVRC2012_val_00038769.JPEG,367
ILSVRC2012_val_00007604.JPEG,367
ILSVRC2012_val_00032251.JPEG,971
ILSVRC2012_val_00008233.JPEG,971
ILSVRC2012_val_00045975.JPEG,971
ILSVRC2012_val_00031968.JPEG,971
ILSVRC2012_val_00007372.JPEG,971
ILSVRC2012_val_00037358.JPEG,105
ILSVRC2012_val_00003551.JPEG,105
ILSVRC2012_val_00047292.JPEG,105
ILSVRC2012_val_00036967.JPEG,105
ILSVRC2012_val_00003254.JPEG,105
ILSVRC2012_val_00038152.JPEG,548
ILSVRC2012_val_00007913.JPEG,548
ILSVRC2012_val_00046229.JPEG,548
ILSVRC2012_val_00036174.JPEG,548
ILSVRC2012_val_00003906.JPEG,548
ILSVRC2012_val_00035239.JPEG,352
ILSVRC2012_val_00006973.JPEG,352
ILSVRC2012_val_00047967.JPEG,352
ILSVRC2012_val_00034071.JPEG,352
ILSVRC2012_val_00006306.JPEG,352
ILSVRC2012_val_00041072.JPEG,772
ILSVRC2012_val_00012191.JPEG,772
ILSVRC2012_val_00047947.JPEG,772
ILSVRC2012_val_00040574.JPEG,772
ILSVRC2012_val_00010285.JPEG,772
ILSVRC2012_val_00036291.JPEG,65
ILSVRC2012_val_00006751.JPEG,65
ILSVRC2012_val_00047384.JPEG,65
ILSVRC2012_val_00036151.JPEG,65
ILSVRC2012_val_00002698.JPEG,65
ILSVRC2012_val_00035329.JPEG,843
ILSVRC2012_val_00005319.JPEG,843
ILSVRC2012_val_00048653.JPEG,843
ILSVRC2012_val_00034314.JPEG,843
ILSVRC2012_val_00005014.JPEG,843
ILSVRC2012_val_00037160.JPEG,436
ILSVRC2012_val_00008088.JPEG,436
ILSVRC2012_val_00044894.JPEG,436
ILSVRC2012_val_00037112.JPEG,436
ILSVRC2012_val_00007786.JPEG,436
ILSVRC2012_val_00038287.JPEG,49
ILSVRC2012_val_00007934.JPEG,49
ILSVRC2012_val_00049373.JPEG,49
ILSVRC2012_val_00038188.JPEG,49
ILSVRC2012_val_00007266.JPEG,49
ILSVRC2012_val_00038543.JPEG,780
ILSVRC2012_val_00007607.JPEG,780
ILSVRC2012_val_00048691.JPEG,780
ILSVRC2012_val_00038471.JPEG,780
ILSVRC2012_val_00005106.JPEG,780
ILSVRC2012_val_00037196.JPEG,442
ILSVRC2012_val_00004426.JPEG,442
ILSVRC2012_val_00048199.JPEG,442
ILSVRC2012_val_00036774.JPEG,442
ILSVRC2012_val_00004299.JPEG,442
ILSVRC2012_val_00035176.JPEG,395
ILSVRC2012_val_00007979.JPEG,395
ILSVRC2012_val_00045585.JPEG,395
ILSVRC2012_val_00035138.JPEG,395
ILSVRC2012_val_00007602.JPEG,395
ILSVRC2012_val_00043607.JPEG,741
ILSVRC2012_val_00008650.JPEG,741
ILSVRC2012_val_00049687.JPEG,741
ILSVRC2012_val_00042119.JPEG,741
ILSVRC2012_val_00007641.JPEG,741
ILSVRC2012_val_00038293.JPEG,968
ILSVRC2012_val_00005683.JPEG,968
ILSVRC2012_val_00047825.JPEG,968
ILSVRC2012_val_00037747.JPEG,968
ILSVRC2012_val_00005463.JPEG,968
ILSVRC2012_val_00037434.JPEG,502
ILSVRC2012_val_00005595.JPEG,502
ILSVRC2012_val_00045240.JPEG,502
ILSVRC2012_val_00035660.JPEG,502
ILSVRC2012_val_00005218.JPEG,502
ILSVRC2012_val_00032030.JPEG,525
ILSVRC2012_val_00006053.JPEG,525
ILSVRC2012_val_00044900.JPEG,525
ILSVRC2012_val_00031658.JPEG,525
ILSVRC2012_val_00005216.JPEG,525
ILSVRC2012_val_00036209.JPEG,981
ILSVRC2012_val_00004760.JPEG,981
ILSVRC2012_val_00046451.JPEG,981
ILSVRC2012_val_00035666.JPEG,981
ILSVRC2012_val_00003489.JPEG,981
ILSVRC2012_val_00041126.JPEG,131
ILSVRC2012_val_00009501.JPEG,131
ILSVRC2012_val_00049224.JPEG,131
ILSVRC2012_val_00040310.JPEG,131
ILSVRC2012_val_00008364.JPEG,131
ILSVRC2012_val_00036418.JPEG,807
ILSVRC2012_val_00004498.JPEG,807
ILSVRC2012_val_00046721.JPEG,807
ILSVRC2012_val_00032454.JPEG,807
ILSVRC2012_val_00004067.JPEG,807
ILSVRC2012_val_00034167.JPEG,867
ILSVRC2012_val_00008391.JPEG,867
ILSVRC2012_val_00045797.JPEG,867
ILSVRC2012_val_00033792.JPEG,867
ILSVRC2012_val_00005130.JPEG,867
ILSVRC2012_val_00038661.JPEG,281
ILSVRC2012_val_00008876.JPEG,281
ILSVRC2012_val_00045239.JPEG,281
ILSVRC2012_val_00036661.JPEG,281
ILSVRC2012_val_00007006.JPEG,281
ILSVRC2012_val_00034601.JPEG,510
ILSVRC2012_val_00005740.JPEG,510
ILSVRC2012_val_00047443.JPEG,510
ILSVRC2012_val_00034508.JPEG,510
ILSVRC2012_val_00005496.JPEG,510
ILSVRC2012_val_00036084.JPEG,469
ILSVRC2012_val_00006370.JPEG,469
ILSVRC2012_val_00049223.JPEG,469
ILSVRC2012_val_00035816.JPEG,469
ILSVRC2012_val_00006325.JPEG,469
ILSVRC2012_val_00038711.JPEG,508
ILSVRC2012_val_00002755.JPEG,508
ILSVRC2012_val_00047453.JPEG,508
ILSVRC2012_val_00035954.JPEG,508
ILSVRC2012_val_00002499.JPEG,508
ILSVRC2012_val_00039220.JPEG,140
ILSVRC2012_val_00003964.JPEG,140
ILSVRC2012_val_00046769.JPEG,140
ILSVRC2012_val_00037752.JPEG,140
ILSVRC2012_val_00002691.JPEG,140
ILSVRC2012_val_00039163.JPEG,464
ILSVRC2012_val_00007920.JPEG,464
ILSVRC2012_val_00048903.JPEG,464
ILSVRC2012_val_00036043.JPEG,464
ILSVRC2012_val_00004732.JPEG,464
ILSVRC2012_val_00037635.JPEG,440
ILSVRC2012_val_00006248.JPEG,440
ILSVRC2012_val_00045371.JPEG,440
ILSVRC2012_val_00036359.JPEG,440
ILSVRC2012_val_00004888.JPEG,440
